"entity_id","domain","state","friendly_name","device_class","unit_of_measurement"
"conversation.home_assistant","conversation","2026-02-16T01:39:52.430368+00:00","Home Assistant","",""
"event.backup_automatic_backup","event","2026-02-17T09:56:58.598+00:00","Backup Automatic backup","",""
"sensor.backup_backup_manager_state","sensor","idle","Backup Backup Manager state","enum",""
"sensor.backup_next_scheduled_automatic_backup","sensor","2026-02-18T09:51:55+00:00","Backup Next scheduled automatic backup","timestamp",""
"sensor.backup_last_successful_automatic_backup","sensor","2026-02-17T09:56:58+00:00","Backup Last successful automatic backup","timestamp",""
"sensor.backup_last_attempted_automatic_backup","sensor","2026-02-17T09:56:11+00:00","Backup Last attempted automatic backup","timestamp",""
"camera.wyze_cam","camera","idle","Wyze Cam","",""
"camera.pan_cam","camera","idle","Pan Cam","",""
"camera.redbase","camera","idle","Redbase","",""
"camera.loblolly","camera","idle","Loblolly","",""
"binary_sensor.remote_ui","binary_sensor","on","Remote UI","connectivity",""
"stt.home_assistant_cloud","stt","unknown","Home Assistant Cloud","",""
"tts.home_assistant_cloud","tts","2026-02-17T18:12:31.289808+00:00","Home Assistant Cloud","",""
"script.toggle_main_lights","script","off","Toggle All Main Lights","",""
"script.spotify_transfer_kitchen","script","off","Spotify to Kitchen Dot","",""
"script.spotify_transfer_family","script","off","Spotify to Family Dot","",""
"script.spotify_transfer_show8","script","off","Spotify to Show 8","",""
"script.spotify_transfer_greatroom","script","off","Spotify to Great Room","",""
"input_select.featured_camera","input_select","front_door","Featured Camera","",""
"input_boolean.hvac_auto_comfort","input_boolean","off","HVAC Auto Comfort","",""
"input_boolean.main_lights_master","input_boolean","off","Main Lights Master","",""
"input_boolean.hp_presence","input_boolean","off","HP Presence","",""
"input_boolean.media_photos_visible","input_boolean","on","Media Photos Visible","",""
"input_boolean.study_blinds_auto","input_boolean","on","Study Blinds Auto Schedule","",""
"zone.home","zone","4","Home","",""
"input_boolean.front_porch_virtual_toggle","input_boolean","on","Front porch virtual toggle","",""
"zone.loblolly","zone","0","Loblolly","",""
"zone.eagles_basketball_gym","zone","0","Basketball SC ","",""
"zone.fort_gordon","zone","0","Fort Gordon","",""
"zone.h","zone","4","Home","",""
"zone.loblolly_2","zone","0","Loblolly ","",""
"person.admin","person","Home","ADMIN","",""
"person.tuella_sowu","person","Home","Tuella","",""
"person.kitchen_tab","person","unknown","Kitchen Tab","",""
"person.paul","person","Home","Paul","",""
"person.mauriece","person","Home","Mauriece","",""
"sun.sun","sun","below_horizon","Sun","",""
"binary_sensor.sun_solar_rising","binary_sensor","on","Sun Solar rising","",""
"sensor.sun_next_dawn","sensor","2026-02-18T11:43:36+00:00","Sun Next dawn","timestamp",""
"sensor.sun_next_dusk","sensor","2026-02-18T23:41:32+00:00","Sun Next dusk","timestamp",""
"sensor.sun_next_midnight","sensor","2026-02-19T05:42:14+00:00","Sun Next midnight","timestamp",""
"sensor.sun_next_noon","sensor","2026-02-18T17:42:24+00:00","Sun Next noon","timestamp",""
"sensor.sun_next_rising","sensor","2026-02-18T12:09:19+00:00","Sun Next rising","timestamp",""
"sensor.sun_next_setting","sensor","2026-02-18T23:15:47+00:00","Sun Next setting","timestamp",""
"sensor.sun_solar_elevation","sensor","-51.33","Sun Solar elevation","","Â°"
"sensor.sun_solar_azimuth","sensor","64.04","Sun Solar azimuth","","Â°"
"sensor.average_home_temperature","sensor","75.6","Average Home Temperature","temperature","Â°F"
"sensor.kitchen_range_status","sensor","Off","Kitchen Range Status","",""
"sensor.kitchentab_browser_id","sensor","unavailable","Kitchentab Browser ID","",""
"sensor.kitchentab_browser_path","sensor","unavailable","Kitchentab Browser path","",""
"sensor.kitchentab_browser_visibility","sensor","unavailable","Kitchentab Browser visibility","",""
"sensor.kitchentab_browser_useragent","sensor","unavailable","Kitchentab Browser userAgent","",""
"sensor.kitchentab_browser_user","sensor","unavailable","Kitchentab Browser user","",""
"binary_sensor.kitchentab_browser_fullykiosk","binary_sensor","unavailable","Kitchentab Browser FullyKiosk","",""
"sensor.kitchentab_browser_width","sensor","unavailable","Kitchentab Browser width","","px"
"sensor.kitchentab_browser_height","sensor","unavailable","Kitchentab Browser height","","px"
"binary_sensor.kitchentab_browser_dark_mode","binary_sensor","unavailable","Kitchentab Browser dark mode","",""
"binary_sensor.kitchentab","binary_sensor","unavailable","Kitchentab","motion",""
"light.kitchentab_screen","light","unavailable","Kitchentab Screen","",""
"media_player.kitchentab","media_player","unavailable","Kitchentab","",""
"sensor.kitchentab_panel","sensor","unavailable","Kitchentab Panel","",""
"camera.kitchentab","camera","unavailable","Kitchentab","",""
"sensor.browser_mod_f140f9b1_ffb74a1c_browser_id","sensor","unavailable","browser_mod_f140f9b1_ffb74a1c Browser ID","",""
"sensor.browser_mod_f140f9b1_ffb74a1c_browser_path","sensor","unavailable","browser_mod_f140f9b1_ffb74a1c Browser path","",""
"sensor.browser_mod_f140f9b1_ffb74a1c_browser_visibility","sensor","unavailable","browser_mod_f140f9b1_ffb74a1c Browser visibility","",""
"sensor.browser_mod_f140f9b1_ffb74a1c_browser_useragent","sensor","unavailable","browser_mod_f140f9b1_ffb74a1c Browser userAgent","",""
"sensor.browser_mod_f140f9b1_ffb74a1c_browser_user","sensor","unavailable","browser_mod_f140f9b1_ffb74a1c Browser user","",""
"binary_sensor.browser_mod_f140f9b1_ffb74a1c_browser_fullykiosk","binary_sensor","unavailable","browser_mod_f140f9b1_ffb74a1c Browser FullyKiosk","",""
"sensor.browser_mod_f140f9b1_ffb74a1c_browser_width","sensor","unavailable","browser_mod_f140f9b1_ffb74a1c Browser width","","px"
"sensor.browser_mod_f140f9b1_ffb74a1c_browser_height","sensor","unavailable","browser_mod_f140f9b1_ffb74a1c Browser height","","px"
"binary_sensor.browser_mod_f140f9b1_ffb74a1c_browser_dark_mode","binary_sensor","unavailable","browser_mod_f140f9b1_ffb74a1c Browser dark mode","",""
"binary_sensor.pauls_samsung","binary_sensor","unavailable","Pauls samsung","motion",""
"light.browser_mod_f140f9b1_ffb74a1c_screen","light","unavailable","browser_mod_f140f9b1_ffb74a1c Screen","",""
"media_player.browser_mod_f140f9b1_ffb74a1c","media_player","unavailable","browser_mod_f140f9b1_ffb74a1c","",""
"sensor.browser_mod_f140f9b1_ffb74a1c_panel","sensor","unavailable","browser_mod_f140f9b1_ffb74a1c Panel","",""
"camera.10_0_0_60","camera","idle","front Porch ring mqtt","",""
"camera.10_0_0_60_2","camera","unavailable","10_0_0_60","",""
"binary_sensor.kitchen_main_mic_muted","binary_sensor","off","Kitchen Main Mic muted","",""
"binary_sensor.kitchen_main_music_active","binary_sensor","off","Kitchen Main Music active","",""
"device_tracker.kitchen_main","device_tracker","unknown","Kitchen Main","",""
"sensor.kitchen_main_audio_mode","sensor","unknown","Kitchen Main Audio mode","enum",""
"sensor.kitchen_main_volume_level_music","sensor","unknown","Kitchen Main Volume level music","",""
"sensor.kitchen_main_battery_level","sensor","61","Kitchen Main Battery level","battery","%"
"sensor.kitchen_main_battery_state","sensor","discharging","Kitchen Main Battery state","enum",""
"sensor.kitchen_main_charger_type","sensor","none","Kitchen Main Charger type","enum",""
"sensor.kitchen_main_bluetooth_connection","sensor","unknown","Kitchen Main Bluetooth connection","","connection(s)"
"sensor.kitchen_main_ble_transmitter","sensor","unknown","Kitchen Main BLE transmitter","enum",""
"sensor.kitchen_main_beacon_monitor","sensor","Bluetooth is turned off","Kitchen Main Beacon monitor","enum",""
"sensor.kitchen_main_internal_storage","sensor","unknown","Kitchen Main Internal storage","","%"
"sensor.kitchen_main_external_storage","sensor","unknown","Kitchen Main External storage","","%"
"binary_sensor.pauls_ipad_focus","binary_sensor","off","Paulâ€™s iPad Focus","",""
"device_tracker.pauls_ipad","device_tracker","Home","Paulâ€™s iPad","",""
"sensor.pauls_ipad_battery_level","sensor","75","Paulâ€™s iPad Battery Level","battery","%"
"sensor.pauls_ipad_geocoded_location","sensor","2739 Davis Mill Rd
Augusta GA 30815
United States","Paulâ€™s iPad Geocoded Location","",""
"sensor.pauls_ipad_battery_state","sensor","Charging","Paulâ€™s iPad Battery State","",""
"sensor.pauls_ipad_bssid","sensor","72:13:1:e8:1a:22","Paulâ€™s iPad BSSID","",""
"sensor.pauls_ipad_storage","sensor","25.87","Paulâ€™s iPad Storage","","% available"
"sensor.pauls_ipad_ssid","sensor","sowu","Paulâ€™s iPad SSID","",""
"sensor.pauls_ipad_connection_type","sensor","Wi-Fi","Paulâ€™s iPad Connection Type","",""
"sensor.pauls_ipad_app_version","sensor","2025.12.1","Paulâ€™s iPad App Version","",""
"sensor.pauls_ipad_last_update_trigger","sensor","Background Fetch","Paulâ€™s iPad Last Update Trigger","",""
"sensor.pauls_ipad_location_permission","sensor","Authorized Always","Paulâ€™s iPad Location permission","",""
"sensor.pauls_ipad_audio_output","sensor","Built-in Speaker","Paulâ€™s iPad Audio Output","",""
"sensor.pauls_ipad_activity","sensor","Stationary","Paulâ€™s iPad Activity","",""
"device_tracker.great_room_tv","device_tracker","unknown","Great Room TV","",""
"device_tracker.mb_fire_tv","device_tracker","unknown","mb fire tv","",""
"binary_sensor.tuellas_samsung_android_auto","binary_sensor","off","Tuellas Samsung Android Auto","connectivity",""
"device_tracker.ts","device_tracker","Home","Tuellas Samsung","",""
"sensor.tuellas_samsung_battery_level","sensor","100","Tuellas Samsung Battery level","battery","%"
"sensor.tuellas_samsung_battery_state","sensor","full","Tuellas Samsung Battery state","enum",""
"sensor.tuellas_samsung_charger_type","sensor","ac","Tuellas Samsung Charger type","enum",""
"sensor.tuellas_samsung_car_speed","sensor","unavailable","Tuellas Samsung Car speed","speed","mph"
"sensor.tuellas_samsung_geocoded_location","sensor","2739 Davis Mill Rd, Hephzibah, GA 30815, USA","Tuellas Samsung Geocoded location","",""
"sensor.tuellas_samsung_pressure_sensor","sensor","29.8164241390299","Tuellas Samsung Pressure sensor","atmospheric_pressure","inHg"
"sensor.tuellas_samsung_proximity_sensor","sensor","far","Tuellas Samsung Proximity sensor","",""
"binary_sensor.sm_s928u1_android_auto","binary_sensor","off","SM-S928U1 Android Auto","connectivity",""
"binary_sensor.sm_s928u1_app_inactive","binary_sensor","off","SM-S928U1 App inactive","",""
"binary_sensor.sm_s928u1_mic_muted","binary_sensor","off","SM-S928U1 Mic muted","",""
"binary_sensor.sm_s928u1_is_charging","binary_sensor","on","SM-S928U1 Is charging","plug",""
"binary_sensor.sm_s928u1_bluetooth_state","binary_sensor","on","SM-S928U1 Bluetooth state","",""
"binary_sensor.sm_s928u1_high_accuracy_mode","binary_sensor","unknown","SM-S928U1 High accuracy mode","",""
"binary_sensor.sm_s928u1_wi_fi_state","binary_sensor","on","SM-S928U1 Wi-Fi state","",""
"binary_sensor.sm_s928u1_nfc_state","binary_sensor","on","SM-S928U1 NFC state","",""
"binary_sensor.sm_s928u1_power_save","binary_sensor","off","SM-S928U1 Power save","",""
"device_tracker.dad_s_phone","device_tracker","Home","SM-S928U1","",""
"sensor.sm_s928u1_detected_activity","sensor","still","SM-S928U1 Detected activity","enum",""
"sensor.sm_s928u1_battery_level","sensor","70","SM-S928U1 Battery level","battery","%"
"sensor.sm_s928u1_battery_state","sensor","charging","SM-S928U1 Battery state","enum",""
"sensor.sm_s928u1_charger_type","sensor","ac","SM-S928U1 Charger type","enum",""
"sensor.sm_s928u1_battery_power","sensor","0.01","SM-S928U1 Battery power","power","W"
"sensor.sm_s928u1_bluetooth_connection","sensor","0","SM-S928U1 Bluetooth connection","","connection(s)"
"sensor.sm_s928u1_ble_transmitter","sensor","Transmitting","SM-S928U1 BLE transmitter","enum",""
"sensor.sm_s928u1_beacon_monitor","sensor","Monitoring","SM-S928U1 Beacon monitor","enum",""
"sensor.sm_s928u1_car_name","sensor","unavailable","SM-S928U1 Car name","",""
"sensor.sm_s928u1_car_odometer","sensor","unavailable","SM-S928U1 Car odometer","distance","ft"
"sensor.sm_s928u1_car_speed","sensor","unavailable","SM-S928U1 Car speed","speed","mph"
"sensor.sm_s928u1_screen_orientation","sensor","portrait","SM-S928U1 Screen orientation","",""
"sensor.sm_s928u1_screen_rotation","sensor","0","SM-S928U1 Screen rotation","","Â°"
"sensor.sm_s928u1_accent_color","sensor","#475D92","SM-S928U1 Accent color","",""
"sensor.sm_s928u1_geocoded_location","sensor","2739 Davis Mill Rd, Hephzibah, GA 30815, USA","SM-S928U1 Geocoded location","",""
"sensor.sm_s928u1_daily_steps","sensor","0.0","SM-S928U1 Daily steps","","steps"
"sensor.sm_s928u1_light_sensor","sensor","0","SM-S928U1 Light sensor","illuminance","lx"
"sensor.sm_s928u1_high_accuracy_update_interval","sensor","unknown","SM-S928U1 High accuracy update interval","","seconds"
"sensor.sm_s928u1_wi_fi_connection","sensor","sowu","SM-S928U1 Wi-Fi connection","",""
"sensor.sm_s928u1_phone_state","sensor","idle","SM-S928U1 Phone state","enum",""
"sensor.sm_s928u1_pressure_sensor","sensor","29.4177693644663","SM-S928U1 Pressure sensor","atmospheric_pressure","inHg"
"sensor.sm_s928u1_proximity_sensor","sensor","far","SM-S928U1 Proximity sensor","",""
"sensor.sm_s928u1_steps_sensor","sensor","9118","SM-S928U1 Steps sensor","","steps"
"sensor.sm_s928u1_current_time_zone","sensor","Eastern Standard Time","SM-S928U1 Current time zone","",""
"device_tracker.tb361fu","device_tracker","unknown","TB361FU","",""
"sensor.tb361fu_battery_level","sensor","100","TB361FU Battery level","battery","%"
"sensor.tb361fu_battery_state","sensor","full","TB361FU Battery state","enum",""
"sensor.tb361fu_charger_type","sensor","ac","TB361FU Charger type","enum",""
"device_tracker.p13pro","device_tracker","Home","P13PRO","",""
"sensor.p13pro_battery_level","sensor","78","P13PRO Battery level","battery","%"
"sensor.p13pro_battery_state","sensor","charging","P13PRO Battery state","enum",""
"sensor.p13pro_charger_type","sensor","usb","P13PRO Charger type","enum",""
"sensor.ai_provider_status_google","sensor","error","AI Provider Status (Google)","",""
"sensor.max_input_tokens_google","sensor","500","Max Input Tokens (Google)","","tokens"
"sensor.max_output_tokens_google","sensor","500","Max Output Tokens (Google)","","tokens"
"sensor.ai_model_in_use_google","sensor","gemini-2.0-flash","AI Model In Use (Google)","",""
"sensor.last_error_message_google","sensor","unknown","Last Error Message (Google)","",""
"light.kitchen_light_switch","light","unavailable","Kitchen Light","",""
"sensor.ai_automation_suggestions_google","sensor","No Suggestions","AI Automation Suggestions (Google)","",""
"sensor.paul_travel_time","sensor","0.0","Paul Travel Time","duration","h"
"sensor.tuella_travel_time","sensor","0.0","Tuella Travel Time","duration","min"
"sensor.mauriece_travel_time","sensor","0.0","Mauriece Travel Time","duration","min"
"switch.ha_lovelace_card_waze_travel_time_pre_release","switch","off","HA (Lovelace) Card Waze Travel Time Pre-release","",""
"switch.browser_mod_pre_release","switch","on","browser_mod Pre-release","",""
"switch.ttlock_pre_release","switch","off","TTLock Pre-release","",""
"update.ble_adv_ceiling_fan_lamps_update","update","off","BLE ADV Ceiling Fan / Lamps update","",""
"update.universal_notifier_update","update","off","Universal Notifier update","",""
"update.auto_entities_update","update","off","auto-entities update","",""
"update.slider_button_card_update","update","off","Slider Button Card update","",""
"update.webrtc_camera_update","update","off","WebRTC Camera update","",""
"update.home_assistant_swipe_navigation_update","update","off","Home Assistant Swipe Navigation update","",""
"update.atomic_calendar_revive_update","update","off","Atomic Calendar Revive update","",""
"update.hacs_update","update","off","HACS update","",""
"update.ha_lovelace_card_waze_travel_time_update","update","off","HA (Lovelace) Card Waze Travel Time update","",""
"update.extended_openai_conversation_update","update","off","extended_openai_conversation update","",""
"update.calendar_week_card_update","update","off","Calendar Week Card update","",""
"update.button_card_update","update","off","button-card update","",""
"update.tuya_local_update","update","off","Tuya Local update","",""
"update.hubspace_homeassistant_update","update","off","Hubspace-Homeassistant update","",""
"update.swipe_navigation_card_update","update","off","Swipe Navigation Card update","",""
"update.view_assist_companion_app_update","update","off","View Assist Companion App update","",""
"update.browser_mod_update","update","on","browser_mod update","",""
"update.home_assistant_media_card_update","update","off","Home Assistant Media Card update","",""
"update.spotifyplus_update","update","off","SpotifyPlus update","",""
"update.stack_in_card_update","update","off","Stack In Card update","",""
"update.mushroom_themes_update","update","off","Mushroom Themes update","",""
"update.ttlock_update","update","off","TTLock update","",""
"update.map_card_update","update","off","map-card update","",""
"update.slider_entity_row_update","update","off","slider-entity-row update","",""
"update.week_planner_card_update","update","off","Week planner card update","",""
"update.layout_card_update","update","off","layout-card update","",""
"update.big_slider_card_update","update","off","Big Slider Card update","",""
"update.wallpanel_update","update","off","WallPanel update","",""
"update.config_template_card_update","update","off","Config Template Card update","",""
"update.mushroom_better_sliders_update","update","off","Mushroom - Better Sliders update","",""
"update.alexa_media_player_update","update","off","Alexa Media Player update","",""
"update.life360_update","update","off","Life360 update","",""
"update.ai_automation_suggester_update","update","off","AI Automation Suggester update","",""
"update.card_mod_update","update","off","card-mod update","",""
"update.view_assist_update","update","off","View Assist update","",""
"update.mushroom_update","update","off","Mushroom update","",""
"update.google_maps_card_update","update","off","Google Maps Card update","",""
"update.mini_media_player_update","update","off","Mini Media Player update","",""
"update.bubble_card_update","update","off","Bubble Card update","",""
"todo.shopping_list","todo","0","Shopping List","",""
"media_player.vlc_telnet","media_player","idle","VLC-TELNET","",""
"weather.forecast_home","weather","partlycloudy","Forecast Case De Sowu","",""
"button.kitchen_dot_favorite_current_song","button","unknown","Kitchen dot Favorite current song","",""
"media_player.kitchen_dot_2","media_player","playing","Kitchen dot","speaker",""
"button.great_room_show_favorite_current_song","button","unknown","Great Room show Favorite current song","",""
"media_player.great_room_show","media_player","idle","Great Room show","speaker",""
"button.family_dot_favorite_current_song","button","unknown","Family dot Favorite current song","",""
"media_player.family_dot_2","media_player","idle","Family dot","speaker",""
"button.t_s_bose_home_speaker_300_favorite_current_song","button","unknown","T's Bose Home Speaker 300 Favorite current song","",""
"media_player.t_s_bose_home_speaker_300_2","media_player","idle","T's Bose Home Speaker 300","speaker",""
"button.living_room_favorite_current_song","button","unknown","Living Room Favorite current song","",""
"media_player.living_room_2","media_player","idle","Living Room","speaker",""
"button.t_s_alexa_app_for_pc_favorite_current_song","button","unknown","T's Alexa App for PC Favorite current song","",""
"media_player.t_s_alexa_app_for_pc_2","media_player","idle","T's Alexa App for PC","speaker",""
"button.show_8_favorite_current_song","button","unknown","Show 8 Favorite current song","",""
"media_player.show_8_2","media_player","idle","Show 8","speaker",""
"sensor.casa_mop_battery","sensor","100","Casa mop Battery","battery","%"
"sensor.casa_mop_tank_level","sensor","0","Casa mop Tank level","","%"
"sensor.casa_mop_battery_cycles","sensor","unknown","Casa mop Battery cycles","",""
"sensor.casa_mop_total_cleaning_time","sensor","unknown","Casa mop Total cleaning time","","h"
"sensor.casa_mop_average_mission_time","sensor","43","Casa mop Average mission time","","min"
"sensor.casa_mop_total_missions","sensor","12","Casa mop Total missions","","Missions"
"sensor.casa_mop_successful_missions","sensor","9","Casa mop Successful missions","","Missions"
"sensor.casa_mop_canceled_missions","sensor","3","Casa mop Canceled missions","","Missions"
"sensor.casa_mop_failed_missions","sensor","0","Casa mop Failed missions","","Missions"
"sensor.casa_mop_scrubs","sensor","unknown","Casa mop Scrubs","","Scrubs"
"sensor.casa_mop_total_cleaned_area","sensor","unknown","Casa mop Total cleaned area","","mÂ²"
"sensor.casa_mop_last_mission_start_time","sensor","2026-01-25T23:04:03+00:00","Casa mop Last mission start time","timestamp",""
"sensor.casa_mop_dock_tank_level","sensor","unknown","Casa mop Dock tank level","","%"
"vacuum.casa_mop","vacuum","docked","Robot Mop","",""
"tts.google_translate_en_com","tts","2026-01-08T15:58:19.317821+00:00","Google Translate en com","",""
"media_player.living_room_tv_2","media_player","on","Great Room TV","tv",""
"remote.living_room_tv","remote","on","Great Room TV","",""
"media_player.living_room_tv_3","media_player","unavailable","Living Room TV","",""
"media_player.living_room_4","media_player","unknown","Living Room","",""
"switch.great_room_fan_and_light_sound","switch","on","Groom Ceiling fan Beep","",""
"fan.great_room_fan_and_light","fan","off","Great Room Fan","",""
"light.great_room_fan_and_light","light","off","Great Room Light","",""
"conversation.google_ai_conversation","conversation","2026-01-08T16:16:17.952507+00:00","Google AI Conversation","",""
"stt.google_ai_stt_2","stt","unknown","Google AI STT","",""
"tts.google_ai_tts","tts","2026-01-08T15:57:54.376172+00:00","Google AI TTS","",""
"stt.faster_whisper","stt","unknown","faster-whisper","",""
"wake_word.openwakeword","wake_word","2026-01-28T06:07:08.694595+00:00","openwakeword","",""
"tts.piper","tts","2026-02-16T02:36:33.558832+00:00","piper","",""
"ai_task.google_ai_task","ai_task","unknown","Google AI Task","",""
"select.jeffery_satellite_assistant","select","Home Assistant Cloud Jef","Jeffery Satellite Assistant","",""
"select.jeffery_satellite_assistant_2","select","preferred","Jeffery Satellite Assistant 2","",""
"select.jeffery_satellite_finished_speaking_detection","select","relaxed","Jeffery Satellite Finished speaking detection","",""
"select.jeffery_satellite_wake_word","select","unavailable","Jeffery Satellite Wake word","",""
"select.jeffery_satellite_wake_word_2","select","unavailable","Jeffery Satellite Wake word 2","",""
"text.jeffery_satellite_notification_text","text","unavailable","Jeffery Satellite Notification Text","",""
"button.jeffery_satellite_reboot","button","unavailable","Jeffery Satellite Reboot","restart",""
"sensor.jeffery_satellite_s3_temperature","sensor","unavailable","Jeffery Satellite S3 Temperature","temperature","Â°F"
"sensor.jeffery_satellite_s3_humidity","sensor","unavailable","Jeffery Satellite S3 Humidity","humidity","%"
"sensor.jeffery_satellite_battery_level","sensor","unavailable","Jeffery Satellite Battery level","battery","%"
"sensor.jeffery_satellite_wifi_db","sensor","unavailable","Jeffery Satellite WiFi db","signal_strength","dBm"
"sensor.jeffery_satellite_wifi_signal","sensor","unavailable","Jeffery Satellite WiFi Signal","","%"
"sensor.jeffery_satellite_ssid","sensor","unavailable","Jeffery Satellite SSID","",""
"sensor.jeffery_satellite_bssid","sensor","unavailable","Jeffery Satellite BSSID","",""
"sensor.jeffery_satellite_ip_address","sensor","unavailable","Jeffery Satellite IP Address","",""
"sensor.jeffery_satellite_device_uptime","sensor","unavailable","Jeffery Satellite Device uptime","",""
"sensor.jeffery_satellite_timer","sensor","unavailable","Jeffery Satellite Timer","",""
"select.esp32_s3_box_3_cbfa30_wake_word_engine_location","select","unavailable","Jeffery Satellite Wake word engine location","",""
"select.jeffery_satellite_time_format","select","unavailable","Jeffery Satellite Time Format","",""
"light.jeffery_satellite_lcd_backlight","light","unavailable","Jeffery Screen","",""
"media_player.jeffery_satellite_media_player","media_player","unavailable","Jeffery Satellite Media Player","speaker",""
"switch.esp32_s3_box_3_cbfa30_speaker_enable","switch","unavailable","Jeffery Satellite Speaker Enable","",""
"switch.jeffery_satellite_display_conversation","switch","unavailable","Jeffery Satellite Display conversation","",""
"switch.jeffery_satellite_output_audio_externally","switch","unavailable","Jeffery Satellite Output audio externally","",""
"switch.esp32_s3_box_3_cbfa30_mute","switch","unavailable","Jeffery Satellite Mute","",""
"switch.jeffery_satellite_scr_save_enable","switch","unavailable","Jeffery Satellite Scr/save enable","",""
"switch.jeffery_satellite_scr_off_enable","switch","unavailable","Jeffery Satellite Scr/off enable","",""
"switch.jeffery_satellite_screen_wake_on_motion","switch","unavailable","Jeffery Satellite Screen wake on motion","",""
"switch.jeffery_satellite_play_wake_sound","switch","unavailable","Jeffery Satellite Play wake sound","",""
"switch.jeffery_satellite_mute_responses","switch","unavailable","Jeffery Satellite Mute Responses","",""
"number.jeffery_satellite_scr_save_delay","number","unavailable","Jeffery Satellite Scr/save delay","","secs"
"number.jeffery_satellite_scr_off_delay","number","unavailable","Jeffery Satellite Scr/off delay","","secs"
"number.jeffery_satellite_scr_save_brightness","number","unavailable","Jeffery Satellite Scr/save Brightness","","%"
"number.jeffery_satellite_default_brightness","number","unavailable","Jeffery Satellite Default Brightness","","%"
"binary_sensor.jeffery_satellite_presence_detect","binary_sensor","unavailable","Jeffery Satellite Presence detect","occupancy",""
"weather.kdnl","weather","clear-night","KDNL","",""
"binary_sensor.life360_online_sowu_paul_gmail_com","binary_sensor","on","Life360 online (sowu.paul@gmail.com)","connectivity",""
"device_tracker.paul_360","device_tracker","Home","Paul 360","",""
"device_tracker.life360_meiko_sowu","device_tracker","Loblolly","Life360 Meiko Sowu","",""
"device_tracker.tuella_360","device_tracker","Home","Tuella 360","",""
"device_tracker.mauriece_360","device_tracker","Home","Mauriece 360","",""
"camera.front_porch_live_view","camera","idle","front porch live view","",""
"camera.front_door_live_view","camera","idle","Loblolly front door","",""
"camera.living_room_live_view","camera","idle","living room Live view","",""
"camera.great_room_live_view","camera","idle","great room ringcsm Live view","",""
"camera.front_door_last_recording_2","camera","idle","Front Door Last recording","",""
"camera.front_door_last_recording","camera","idle","Front Door Last recording","",""
"event.front_door_ding_2","event","2026-02-06T20:38:29.136+00:00","Front Door Ding","doorbell",""
"event.front_door_ding","event","2026-02-17T18:00:15.515+00:00","Front Door Ding","doorbell",""
"event.living_room_ding","event","unknown","living room Ding","doorbell",""
"event.great_room_motion","event","2025-12-05T03:25:24.925+00:00","great room ringcsm Motion","motion",""
"event.front_door_motion_2","event","2026-02-17T23:41:43.135+00:00","Front Door Motion","motion",""
"event.front_door_motion","event","2026-02-18T02:32:58.564+00:00","Front Door Motion","motion",""
"event.living_room_motion","event","unknown","living room Motion","motion",""
"number.great_room_volume","number","5.0","great room ringcsm Volume","",""
"number.front_door_volume_2","number","4.0","Front Door Volume","",""
"number.front_door_volume","number","8.0","Front Door Volume","",""
"number.living_room_volume","number","5.0","living room Volume","",""
"sensor.great_room_battery","sensor","unknown","great room ringcsm Battery","battery","%"
"sensor.front_door_battery_3","sensor","unknown","Front Door Battery","battery","%"
"sensor.front_door_battery","sensor","100","Front Door Battery","battery","%"
"sensor.living_room_battery","sensor","unknown","living room Battery","battery","%"
"sensor.great_room_last_activity","sensor","2026-02-18T07:58:43+00:00","great room ringcsm Last activity","timestamp",""
"sensor.front_door_last_activity_2","sensor","2026-02-17T23:41:34+00:00","Front Door Last activity","timestamp",""
"sensor.front_door_last_activity","sensor","2026-02-18T02:32:55+00:00","Front Door Last activity","timestamp",""
"sensor.living_room_last_activity","sensor","2026-01-02T17:38:15+00:00","living room Last activity","timestamp",""
"sensor.front_door_wi_fi_signal_category_2","sensor","good","Front Door Wi-Fi signal category","",""
"sensor.front_door_signal_strength_2","sensor","-48.0","Front Door Signal strength","signal_strength","dBm"
"siren.great_room_siren","siren","off","great room ringcsm Siren","",""
"switch.front_door_in_home_chime","switch","on","Front Door In-home chime","",""
"switch.great_room_motion_detection","switch","on","great room ringcsm Motion detection","",""
"switch.front_door_motion_detection_2","switch","on","Front Door Motion detection","",""
"switch.front_door_motion_detection","switch","on","Front Door Motion detection","",""
"switch.living_room_motion_detection","switch","on","living room Motion detection","",""
"binary_sensor.show_8_connectivity","binary_sensor","unavailable","Show 8 Connectivity","connectivity",""
"binary_sensor.family_dot_connectivity","binary_sensor","on","Family dot Connectivity","connectivity",""
"binary_sensor.t_s_echo_auto_connectivity","binary_sensor","unavailable","T's Echo Auto Connectivity","connectivity",""
"binary_sensor.kitchen_dot_connectivity","binary_sensor","on","Kitchen dot Connectivity","connectivity",""
"binary_sensor.great_room_show_connectivity","binary_sensor","unavailable","Great Room show Connectivity","connectivity",""
"binary_sensor.t_s_4th_fire_tv_connectivity","binary_sensor","unavailable","T's 4th Fire TV Connectivity","connectivity",""
"binary_sensor.t_s_fire_tv_connectivity","binary_sensor","on","T's Fire TV Connectivity","connectivity",""
"binary_sensor.t_s_2nd_fire_tv_connectivity","binary_sensor","unavailable","T's 2nd Fire TV Connectivity","connectivity",""
"binary_sensor.t_s_fire_blue_connectivity","binary_sensor","unavailable","T 's Fire blue Connectivity","connectivity",""
"binary_sensor.t_s_bose_home_speaker_300_connectivity","binary_sensor","on","T's Bose Home Speaker 300 Connectivity","connectivity",""
"notify.show_8_speak","notify","unavailable","Show 8 Speak","",""
"notify.family_dot_speak","notify","unknown","Family dot Speak","",""
"notify.t_s_echo_auto_speak","notify","unavailable","T's Echo Auto Speak","",""
"notify.kitchen_dot_speak","notify","unknown","Kitchen dot Speak","",""
"notify.great_room_show_speak","notify","unavailable","Great Room show Speak","",""
"notify.t_s_bose_home_speaker_300_speak","notify","unknown","T's Bose Home Speaker 300 Speak","",""
"notify.show_8_announce","notify","unavailable","Show 8 Announce","",""
"notify.family_dot_announce","notify","unknown","Family dot Announce","",""
"notify.t_s_echo_auto_announce","notify","unavailable","T's Echo Auto Announce","",""
"notify.kitchen_dot_announce","notify","unknown","Kitchen dot Announce","",""
"notify.great_room_show_announce","notify","unavailable","Great Room show Announce","",""
"notify.t_s_bose_home_speaker_300_announce","notify","unknown","T's Bose Home Speaker 300 Announce","",""
"sensor.kitchen_dot_illuminance","sensor","0.0","Kitchen dot Illuminance","illuminance","lx"
"sensor.show_8_next_alarm_5","sensor","unavailable","Show 8 Next alarm","timestamp",""
"sensor.family_dot_next_alarm_4","sensor","unavailable","Family dot Next alarm","timestamp",""
"sensor.t_s_echo_auto_next_alarm","sensor","unavailable","T's Echo Auto Next alarm","timestamp",""
"sensor.kitchen_dot_next_alarm_4","sensor","unavailable","Kitchen dot Next alarm","timestamp",""
"sensor.great_room_show_next_alarm_4","sensor","unavailable","Great Room show Next alarm","timestamp",""
"sensor.t_s_4th_fire_tv_next_alarm_5","sensor","unavailable","T's 4th Fire TV Next alarm","timestamp",""
"sensor.t_s_fire_tv_next_alarm_5","sensor","unavailable","T's Fire TV Next alarm","timestamp",""
"sensor.t_s_fire_blue_next_alarm_5","sensor","unavailable","T 's Fire blue Next alarm","timestamp",""
"sensor.t_s_bose_home_speaker_300_next_alarm_5","sensor","unavailable","T's Bose Home Speaker 300 Next alarm","timestamp",""
"sensor.show_8_next_reminder_5","sensor","unavailable","Show 8 Next reminder","timestamp",""
"sensor.family_dot_next_reminder_4","sensor","unavailable","Family dot Next reminder","timestamp",""
"sensor.t_s_echo_auto_next_reminder_5","sensor","unavailable","T's Echo Auto Next reminder","timestamp",""
"sensor.kitchen_dot_next_reminder_4","sensor","unavailable","Kitchen dot Next reminder","timestamp",""
"sensor.great_room_show_next_reminder_4","sensor","unavailable","Great Room show Next reminder","timestamp",""
"sensor.t_s_4th_fire_tv_next_reminder_5","sensor","unavailable","T's 4th Fire TV Next reminder","timestamp",""
"sensor.t_s_fire_tv_next_reminder_5","sensor","unavailable","T's Fire TV Next reminder","timestamp",""
"sensor.t_s_fire_blue_next_reminder_5","sensor","unavailable","T 's Fire blue Next reminder","timestamp",""
"sensor.t_s_bose_home_speaker_300_next_reminder_5","sensor","unavailable","T's Bose Home Speaker 300 Next reminder","timestamp",""
"sensor.show_8_next_timer_5","sensor","unavailable","Show 8 Next timer","timestamp",""
"sensor.family_dot_next_timer_4","sensor","unavailable","Family dot Next timer","timestamp",""
"sensor.t_s_echo_auto_next_timer","sensor","unavailable","T's Echo Auto Next timer","timestamp",""
"sensor.kitchen_dot_next_timer_4","sensor","unavailable","Kitchen dot Next timer","timestamp",""
"sensor.great_room_show_next_timer_4","sensor","unavailable","Great Room show Next timer","timestamp",""
"sensor.t_s_4th_fire_tv_next_timer_5","sensor","unavailable","T's 4th Fire TV Next timer","timestamp",""
"sensor.t_s_fire_tv_next_timer_5","sensor","unavailable","T's Fire TV Next timer","timestamp",""
"sensor.t_s_fire_blue_next_timer_5","sensor","unavailable","T 's Fire blue Next timer","timestamp",""
"sensor.t_s_bose_home_speaker_300_next_timer_5","sensor","unavailable","T's Bose Home Speaker 300 Next timer","timestamp",""
"switch.show_8_do_not_disturb","switch","unavailable","Show 8 Do not disturb","",""
"switch.family_dot_do_not_disturb","switch","off","Family dot Do not disturb","",""
"switch.t_s_echo_auto_do_not_disturb","switch","unavailable","T's Echo Auto Do not disturb","",""
"switch.kitchen_dot_do_not_disturb","switch","off","Kitchen dot Do not disturb","",""
"switch.great_room_show_do_not_disturb","switch","unavailable","Great Room show Do not disturb","",""
"switch.t_s_4th_fire_tv_do_not_disturb","switch","unavailable","T's 4th Fire TV Do not disturb","",""
"switch.t_s_fire_tv_do_not_disturb","switch","off","T's Fire TV Do not disturb","",""
"switch.t_s_2nd_fire_tv_do_not_disturb","switch","unavailable","T's 2nd Fire TV Do not disturb","",""
"switch.t_s_fire_blue_do_not_disturb","switch","unavailable","T 's Fire blue Do not disturb","",""
"switch.t_s_bose_home_speaker_300_do_not_disturb","switch","off","T's Bose Home Speaker 300 Do not disturb","",""
"automation.maintain_comfort_band_71_73degf","automation","on","Maintain Comfort Band 71â€“73Â°F","",""
"automation.hvac_fan_circulation_hourly","automation","on","HVAC Fan Circulation Hourly","",""
"automation.doorbell_front_door_popup_kitchen_tablet","automation","on","Doorbell Front Door Popup - Kitchen Tablet","",""
"automation.main_lights_master_on","automation","on","Main Lights Master On","",""
"automation.main_lights_master_off","automation","on","Main Lights Master Off","",""
"automation.hp_motion_detected","automation","on","HP Motion Detected","",""
"automation.hp_motion_cleared","automation","on","HP Motion Cleared","",""
"automation.doorbell_show_camera_on_kitchen_tablet_fully_kiosk","automation","on","Doorbell - Show Camera on Kitchen Tablet (Fully Kiosk)","",""
"automation.study_blinds_open_weekday_morning","automation","on","Study Blinds - Open Weekday Morning","",""
"automation.study_blinds_close_weekday_evening","automation","on","Study Blinds - Close Weekday Evening","",""
"media_player.spotify_paul_sowu","media_player","idle","Spotify Paul Sowu","",""
"todo.my_tasks","todo","2","TODO","",""
"todo.paul","todo","0","Paul","",""
"todo.tuella","todo","0","Tuella","",""
"todo.house_tasks","todo","0","House tasks","",""
"media_player.spotifyplus_paul_sowu","media_player","off","SpotifyPlus Paul Sowu","",""
"calendar.public","calendar","on","Public","",""
"calendar.holidays_in_united_states","calendar","off","Holidays in united states","",""
"calendar.haynessowu_gmail_com","calendar","off","Haynessowu@gmail.com","",""
"calendar.family","calendar","off","Calendar","",""
"calendar.sowu_paul_gmail_com","calendar","off","Sowu.paul@gmail.com","",""
"calendar.birthdays_2","calendar","off","Birthdays","",""
"calendar.augusta_eagles_varsity_boys_basketball","calendar","off","Augusta eagles varsity boys basketball","",""
"assist_satellite.vaca_ea80840db","assist_satellite","idle","Kitchen_VACA","",""
"binary_sensor.vaca_ea80840db_screen","binary_sensor","on","Kitchen_VACA Screen","",""
"binary_sensor.vaca_ea80840db_battery_charging","binary_sensor","on","Kitchen_VACA Battery charging","battery_charging",""
"binary_sensor.vaca_ea80840db_motion","binary_sensor","off","Kitchen_VACA Motion","motion",""
"button.vaca_ea80840db_wake","button","2026-02-17T17:54:17.219661+00:00","Kitchen_VACA Wake","",""
"button.vaca_ea80840db_refresh","button","2026-02-17T17:55:01.165156+00:00","Kitchen_VACA Refresh","",""
"button.vaca_ea80840db_sleep_screen","button","2026-02-17T17:59:51.837247+00:00","Kitchen_VACA Sleep screen","",""
"button.vaca_ea80840db_wake_screen","button","2026-02-17T18:15:29.406770+00:00","Kitchen_VACA Wake screen","",""
"select.vaca_ea80840db_assistant","select","Home Assistant Cloud 1","Kitchen_VACA Assistant","",""
"select.vaca_ea80840db_noise_suppression_level","select","off","Kitchen_VACA Noise suppression level","",""
"select.vaca_ea80840db_finished_speaking_detection","select","default","Kitchen_VACA Finished speaking detection","",""
"select.vaca_ea80840db_wake_word","select","Jeffery","Kitchen_VACA Wake word","",""
"select.vaca_ea80840db_wake_word_sound","select","ding","Kitchen_VACA Wake word sound","",""
"select.vaca_ea80840db_screen_timeout","select","30","Kitchen_VACA Screen timeout","",""
"switch.vaca_ea80840db_mute","switch","off","Kitchen_VACA Mute","",""
"switch.vaca_ea80840db_screen","switch","on","Kitchen_VACA Screen","",""
"switch.vaca_ea80840db_swipe_to_refresh","switch","off","Kitchen_VACA Swipe to refresh","",""
"switch.vaca_ea80840db_auto_brightness","switch","on","Kitchen_VACA Auto brightness","",""
"switch.vaca_ea80840db_screen_always_on","switch","off","Kitchen_VACA Screen always on","",""
"switch.vaca_ea80840db_dark_mode","switch","on","Kitchen_VACA Dark mode","",""
"switch.vaca_ea80840db_on_screen_diagnostics","switch","off","Kitchen_VACA On screen diagnostics","",""
"switch.vaca_ea80840db_continue_conversation","switch","on","Kitchen_VACA Continue conversation","",""
"switch.vaca_ea80840db_alarm","switch","off","Kitchen_VACA Alarm","",""
"switch.vaca_ea80840db_screen_on_with_wake_word","switch","on","Kitchen_VACA Screen on with wake word","",""
"switch.vaca_ea80840db_advanced_gain_control","switch","off","Kitchen_VACA Advanced gain control","",""
"switch.vaca_ea80840db_voice_enhancer","switch","off","Kitchen_VACA Voice enhancer","",""
"switch.vaca_ea80840db_screen_saver","switch","off","Kitchen_VACA Screen saver","",""
"switch.vaca_ea80840db_do_not_disturb","switch","off","Kitchen_VACA Do not disturb","",""
"switch.vaca_ea80840db_screen_on_with_bump","switch","on","Kitchen_VACA Screen on with bump","",""
"switch.vaca_ea80840db_motion_detection","switch","on","Kitchen_VACA Motion detection","",""
"switch.vaca_ea80840db_screen_on_with_motion","switch","on","Kitchen_VACA Screen on with motion","",""
"media_player.vaca_ea80840db_media_player","media_player","idle","Kitchen_VACA Media Player","speaker",""
"number.vaca_ea80840db_mic_gain","number","9","Kitchen_VACA Mic gain","",""
"number.vaca_ea80840db_voice_volume","number","10","Kitchen_VACA Voice volume","",""
"number.vaca_ea80840db_music_volume","number","5","Kitchen_VACA Music volume","",""
"number.vaca_ea80840db_ducking_volume","number","3","Kitchen_VACA Ducking volume","",""
"number.vaca_ea80840db_screen_brightness","number","50","Kitchen_VACA Screen brightness","",""
"number.vaca_ea80840db_wake_word_threshold","number","6","Kitchen_VACA Wake word threshold","",""
"number.vaca_ea80840db_zoom_level","number","0","Kitchen_VACA Zoom level","",""
"number.vaca_ea80840db_motion_detection_sensitivity","number","70.0","Kitchen_VACA Motion detection sensitivity","",""
"number.vaca_ea80840db_bump_sensitivity","number","8.0","Kitchen_VACA Bump sensitivity","",""
"sensor.vaca_ea80840db_stt","sensor","What's the time?","Kitchen_VACA STT","",""
"sensor.vaca_ea80840db_tts","sensor","It's currently 1:12 PM! ðŸ˜Š","Kitchen_VACA TTS","",""
"sensor.vaca_ea80840db_intent","sensor","It's currently 1:12 PM! ðŸ˜Š","Kitchen_VACA Intent","",""
"sensor.vaca_ea80840db_orientation","sensor","landscape","Kitchen_VACA Orientation","",""
"sensor.vaca_ea80840db_current_path","sensor","/command-center/lights","Kitchen_VACA Current path","",""
"sensor.vaca_ea80840db_app_version","sensor","0.9.2","Kitchen_VACA App version","",""
"sensor.vaca_ea80840db_battery","sensor","79","Kitchen_VACA Battery","battery","%"
"sensor.vaca_ea80840db_last_motion","sensor","2026-02-18T02:31:31+00:00","Kitchen_VACA Last motion","timestamp",""
"cover.blind_tilt_5b8c","cover","closed","Study Blinds","blind",""
"binary_sensor.blind_tilt_5b8c_calibration","binary_sensor","on","Blind Tilt 5B8C Calibration","",""
"sensor.blind_tilt_5b8c_battery","sensor","61","Blind Tilt 5B8C Battery","battery","%"
"sensor.blind_tilt_5b8c_light_level","sensor","1","Blind Tilt 5B8C Light level","",""
"light.dining_room_main_light","light","off","Dining Room Light","",""
"fan.dining_room_main_fan","fan","off","Dining Room Fan","",""
"media_player.living_room_tv","media_player","off","Great Room TV","",""
"button.hisense_l203x_8494_identify","button","unknown","Hisense L203X 8494 Identify","identify",""
"media_player.hisense_l203x_8494","media_player","playing","Hisense L203X 8494","tv",""
"switch.hisense_l203x_8494_mute","switch","off","Hisense L203X 8494 Mute","",""
"conversation.jeffery_ai","conversation","2026-02-17T18:12:30.162832+00:00","Jeffery Ai","",""
"binary_sensor.dj_wu_presence","binary_sensor","off","DJ Wu Presence","presence",""
"binary_sensor.living_room_motion","binary_sensor","unavailable","living room Motion","motion",""
"binary_sensor.living_room_motion_2","binary_sensor","unavailable","Living Room Motion","motion",""
"binary_sensor.dj_wu_s24_ultra_presence","binary_sensor","off","Dj Wu S24 Ultra Presence","presence",""
"binary_sensor.range_child_lock","binary_sensor","off","Range Child lock","",""
"binary_sensor.range_remote_control","binary_sensor","off","Range Remote control","",""
"binary_sensor.range_door","binary_sensor","off","Range Door","opening",""
"binary_sensor.dryer_wrinkle_prevent_active","binary_sensor","off","Dryer Wrinkle prevent active","",""
"binary_sensor.dryer_child_lock","binary_sensor","off","Dryer Child lock","",""
"binary_sensor.dryer_remote_control","binary_sensor","off","Dryer Remote control","",""
"binary_sensor.dryer_power","binary_sensor","off","Dryer Power","power",""
"binary_sensor.front_door_motion_2","binary_sensor","off","Front Door Motion","motion",""
"binary_sensor.front_door_motion","binary_sensor","off","Front Door Motion","motion",""
"button.range_stop","button","2025-11-25T21:18:54.069556+00:00","Range Stop","",""
"event.living_room_main","event","unavailable","living room main","button",""
"event.front_door_main","event","2026-02-17T17:58:24.323+00:00","Front Door main","button",""
"event.front_door_main_2","event","2026-02-15T00:46:37.618+00:00","Front Door main","button",""
"light.master_bedroom_switch_led","light","unavailable","Master Bedroom switch_led","",""
"light.living_room_fan_light_switch_led","light","off","living room fan & light switch_led","",""
"light.m_bedroom_fan_switch_led","light","unavailable","M bedroom fan switch_led","",""
"select.dryer","select","stop","Dryer","",""
"select.range_lamp","select","off","Range Lamp","",""
"sensor.living_room_battery_2","sensor","unavailable","living room Battery","battery","%"
"sensor.living_room_battery_3","sensor","unavailable","Living Room Battery","battery","%"
"sensor.range_operating_state","sensor","ready","Range Operating state","enum",""
"sensor.range_oven_mode","sensor","others","Range Oven mode","enum",""
"sensor.range_machine_state","sensor","ready","Range Machine state","enum",""
"sensor.range_job_state","sensor","ready","Range Job state","enum",""
"sensor.range_completion_time","sensor","2026-02-17T01:03:56+00:00","Range Completion time","timestamp",""
"sensor.range_setpoint","sensor","unknown","Range Setpoint","temperature","Â°F"
"sensor.range_temperature","sensor","175","Range Temperature","temperature","Â°F"
"sensor.dryer_machine_state","sensor","stop","Dryer Machine state","enum",""
"sensor.dryer_job_state","sensor","none","Dryer Job state","enum",""
"sensor.dryer_completion_time","sensor","2026-02-17T19:01:57+00:00","Dryer Completion time","timestamp",""
"sensor.dryer_energy","sensor","137.8","Dryer Energy","energy","kWh"
"sensor.dryer_power","sensor","0","Dryer Power","power","W"
"sensor.dryer_energy_difference","sensor","0.0","Dryer Energy difference","energy","kWh"
"sensor.dryer_power_energy","sensor","0.0","Dryer Power energy","energy","kWh"
"sensor.dryer_energy_saved","sensor","0.0","Dryer Energy saved","energy","kWh"
"sensor.front_door_battery_2","sensor","100","Front Door Battery","battery","%"
"switch.dryer_wrinkle_prevent","switch","off","Dryer Wrinkle prevent","",""
"switch.living_room_fan_light","switch","off","Living Room Light","",""
"switch.m_bedroom_fan","switch","unavailable","Master Bedroom Fan Switch","",""
"switch.master_bedroom","switch","unavailable","Master Bedroom Switch","",""
"button.lumi_lumi_weather_identify","button","unknown","Temp â€“ Master Wing Identify","identify",""
"button.temp_bedroom_wing_identify","button","unknown","Temp â€“ Living room Wing Identify","identify",""
"button.temp_bedroom_wing_identify_2","button","unknown","Temp â€“ Bedroom Wing Identify","identify",""
"button.master_hallway_identify","button","unknown","Master Hallway Identify","identify",""
"select.master_hallway_start_up_behavior","select","Off","Master Hallway Start-up behavior","",""
"sensor.lumi_lumi_weather_lqi","sensor","87","Temp â€“ Master Wing LQI","",""
"sensor.lumi_lumi_weather_battery","sensor","62.5","Temp â€“ Master Wing Battery","battery","%"
"sensor.lumi_lumi_weather_temperature","sensor","75.074","Master Bedroom temp sensor","temperature","Â°F"
"sensor.lumi_lumi_weather_pressure","sensor","14.6488121336256","Temp â€“ Master Wing Pressure","pressure","psi"
"sensor.lumi_lumi_weather_humidity","sensor","41.25","Temp â€“ Master Wing Humidity","humidity","%"
"sensor.temp_bedroom_wing_battery","sensor","59.0","Temp â€“ Living room Wing Battery","battery","%"
"sensor.temp_bedroom_wing_temperature","sensor","74.354","Galley Trmp sensor","temperature","Â°F"
"sensor.temp_bedroom_wing_pressure","sensor","14.6343083592359","Temp â€“ Living room Wing Pressure","pressure","psi"
"sensor.temp_bedroom_wing_humidity","sensor","38.6","Temp â€“ Living room Wing Humidity","humidity","%"
"sensor.temp_bedroom_wing_battery_2","sensor","66.0","Temp â€“ Bedroom Wing Battery","battery","%"
"sensor.temp_bedroom_wing_temperature_2","sensor","77.522","Blue room temp sensor","temperature","Â°F"
"sensor.temp_bedroom_wing_pressure_2","sensor","14.649682360089","Temp â€“ Bedroom Wing Pressure","pressure","psi"
"sensor.temp_bedroom_wing_humidity_2","sensor","38.87","Temp â€“ Bedroom Wing Humidity","humidity","%"
"sensor.master_hallway_battery","sensor","unknown","Master Hallway Battery","battery","%"
"switch.master_hallway","switch","off","Master Hallway Light","",""
"update.master_hallway_firmware","update","off","Master Hallway Firmware","firmware",""
"sensor.sun_solar_rising","sensor","unavailable","Solar rising","",""
"calendar.webcal_teamer_net_teams_111814298_23_24_daegu_middle_high_school_football_events_subscription_ics_f7fe22","calendar","unavailable","Webcal://teamer.net/teams/111814298-23-24-daegu-middle-high-school-football/events/subscription.ics?f7fe22","",""
"calendar.thesowus_gmail_com","calendar","unavailable","Thesowus@gmail.com","",""
"calendar.birthdays","calendar","unavailable","Birthdays","",""
"climate.thermostat","climate","heat","Thermostat","",""
"sensor.thermostat_temperature","sensor","74.0","THERMOSTAT Temperature","temperature","Â°F"
"button.hubspace_api_thesowus_gmail_com_generate_debug","button","unavailable","Generate Debug","",""
"button.hubspace_api_thesowus_gmail_com_generate_raw","button","unavailable","Generate Raw","",""
"sensor.hallway_wifi_rssi","sensor","unavailable","wifi-rssi","signal_strength","dB"
"sensor.kitchen_light_wifi_rssi","sensor","unavailable","wifi-rssi","signal_strength","dB"
"sensor.outside_wifi_rssi","sensor","unavailable","wifi-rssi","signal_strength","dB"
"switch.hallway_switch","switch","unavailable","Hallway Light","",""
"switch.kitchen_light_switch","switch","unavailable","Kitchen Light Switch","",""
"switch.outside_switch","switch","unavailable","Outside Light","",""
"automation.maintain_comfort_band_74_76degf","automation","unavailable","Maintain Comfort Band 74-76Â°F","",""
"automation.maintain_comfort_band_73_75degf","automation","unavailable","Maintain Comfort Band 73â€“75Â°F","",""
"sensor.browser_mod_f140f9b1_ffb74a1c_browser_battery","sensor","unavailable","Browser battery","battery","%"
"binary_sensor.browser_mod_f140f9b1_ffb74a1c_browser_charging","binary_sensor","unavailable","Browser charging","",""
"sensor.browser_mod_b98c9d45_1274b170_browser_id","sensor","unavailable","Browser ID","",""
"sensor.browser_mod_b98c9d45_1274b170_browser_path","sensor","unavailable","Browser path","",""
"sensor.browser_mod_b98c9d45_1274b170_browser_visibility","sensor","unavailable","Browser visibility","",""
"sensor.browser_mod_b98c9d45_1274b170_browser_useragent","sensor","unavailable","Browser userAgent","",""
"sensor.browser_mod_b98c9d45_1274b170_browser_user","sensor","unavailable","Browser user","",""
"binary_sensor.browser_mod_b98c9d45_1274b170_browser_fullykiosk","binary_sensor","unavailable","Browser FullyKiosk","",""
"sensor.browser_mod_b98c9d45_1274b170_browser_width","sensor","unavailable","Browser width","","px"
"sensor.browser_mod_b98c9d45_1274b170_browser_height","sensor","unavailable","Browser height","","px"
"binary_sensor.browser_mod_b98c9d45_1274b170_browser_dark_mode","binary_sensor","unavailable","Browser dark mode","",""
"binary_sensor.browser_mod_b98c9d45_1274b170","binary_sensor","unavailable","","motion",""
"light.browser_mod_b98c9d45_1274b170_screen","light","unavailable","Screen","",""
"media_player.browser_mod_b98c9d45_1274b170","media_player","unavailable","","",""
"sensor.browser_mod_b98c9d45_1274b170_panel","sensor","unavailable","Panel","",""
"camera.browser_mod_b98c9d45_1274b170","camera","unavailable","","",""
"sensor.browser_mod_b42104cc_e264fd7f_browser_id","sensor","unavailable","Browser ID","",""
"sensor.browser_mod_b42104cc_e264fd7f_browser_path","sensor","unavailable","Browser path","",""
"sensor.browser_mod_b42104cc_e264fd7f_browser_visibility","sensor","unavailable","Browser visibility","",""
"sensor.browser_mod_b42104cc_e264fd7f_browser_useragent","sensor","unavailable","Browser userAgent","",""
"sensor.browser_mod_b42104cc_e264fd7f_browser_user","sensor","unavailable","Browser user","",""
"binary_sensor.browser_mod_b42104cc_e264fd7f_browser_fullykiosk","binary_sensor","unavailable","Browser FullyKiosk","",""
"sensor.browser_mod_b42104cc_e264fd7f_browser_width","sensor","unavailable","Browser width","","px"
"sensor.browser_mod_b42104cc_e264fd7f_browser_height","sensor","unavailable","Browser height","","px"
"binary_sensor.browser_mod_b42104cc_e264fd7f_browser_dark_mode","binary_sensor","unavailable","Browser dark mode","",""
"binary_sensor.browser_mod_b42104cc_e264fd7f","binary_sensor","unavailable","","motion",""
"light.browser_mod_b42104cc_e264fd7f_screen","light","unavailable","Screen","",""
"media_player.browser_mod_b42104cc_e264fd7f","media_player","unavailable","","",""
"sensor.browser_mod_b42104cc_e264fd7f_panel","sensor","unavailable","Panel","",""
"sensor.hp_browser_id","sensor","unavailable","HP Browser ID","",""
"light.hp_screen","light","unavailable","HP Screen","",""
"sensor.hp_panel","sensor","unavailable","HP Panel","",""
"binary_sensor.hp","binary_sensor","unavailable","HP","motion",""
"sensor.hp_browser_visibility","sensor","unavailable","HP Browser visibility","",""
"sensor.hp_browser_width","sensor","unavailable","HP Browser width","","px"
"sensor.hp_browser_useragent","sensor","unavailable","HP Browser userAgent","",""
"camera.hp","camera","unavailable","HP","",""
"media_player.hp","media_player","unavailable","HP","",""
"sensor.hp_browser_user","sensor","unavailable","HP Browser user","",""
"sensor.hp_browser_path","sensor","unavailable","HP Browser path","",""
"sensor.hp_browser_height","sensor","unavailable","HP Browser height","","px"
"binary_sensor.hp_browser_fullykiosk","binary_sensor","unavailable","HP Browser FullyKiosk","",""
"binary_sensor.hp_browser_dark_mode","binary_sensor","unavailable","HP Browser dark mode","",""
"sensor.hp_browser_battery","sensor","unavailable","HP Browser battery","battery","%"
"binary_sensor.hp_browser_charging","binary_sensor","unavailable","HP Browser charging","",""
"device_tracker.rckf153721e45f7f14_3d58","device_tracker","unavailable","","",""
"sensor.rckf153721e45f7f14_3d58_signal_strength","sensor","unavailable","Signal strength","signal_strength","dBm"
"sensor.rckf153721e45f7f14_3d58_power","sensor","unavailable","Power","signal_strength","dBm"
"sensor.rckf153721e45f7f14_3d58_estimated_distance","sensor","unavailable","Estimated distance","distance","ft"
"sensor.rckf153721e45f7f14_3d58_vendor","sensor","unavailable","Vendor","",""
"binary_sensor.front_door_motion_3","binary_sensor","off","Front Door Motion","motion",""
"binary_sensor.front_door_ding","binary_sensor","off","Front Door Ding","occupancy",""
"switch.front_door_live_stream","switch","off","Front Door Live Stream","",""
"switch.front_door_motion_detection_3","switch","on","Front Door Motion Detection","",""
"switch.front_door_event_stream","switch","off","Front Door Event Stream","",""
"select.front_door_event_select","select","Motion 1","Front Door Event Select","",""
"select.front_door_snapshot_mode","select","Auto","Front Door Snapshot Mode","",""
"camera.front_door_snapshot","camera","idle","Front Door Snapshot","",""
"number.front_door_snapshot_interval","number","30","Front Door Snapshot Interval","",""
"number.front_door_motion_duration","number","180","Front Door Motion Duration","",""
"button.front_door_take_snapshot","button","unknown","Front Door Take Snapshot","",""
"number.front_door_ding_duration","number","180","Front Door Ding Duration","",""
"binary_sensor.living_room_motion_3","binary_sensor","off","living room Motion","motion",""
"switch.living_room_live_stream","switch","off","living room Live Stream","",""
"sensor.front_door_info","sensor","2026-02-17T23:41:59+00:00","Front Door Info","timestamp",""
"switch.living_room_event_stream","switch","off","living room Event Stream","",""
"sensor.front_door_wireless","sensor","-48","Front Door Wireless","signal_strength","dBm"
"select.living_room_event_select","select","Motion 1","living room Event Select","",""
"binary_sensor.living_room_ding","binary_sensor","off","living room Ding","occupancy",""
"camera.living_room_snapshot","camera","idle","living room Snapshot","",""
"select.living_room_snapshot_mode","select","Auto","living room Snapshot Mode","",""
"number.living_room_snapshot_interval","number","30","living room Snapshot Interval","",""
"button.living_room_take_snapshot","button","unknown","living room Take Snapshot","",""
"switch.living_room_motion_detection_2","switch","on","living room Motion Detection","",""
"number.living_room_motion_duration","number","180","living room Motion Duration","",""
"number.living_room_ding_duration","number","180","living room Ding Duration","",""
"sensor.living_room_info","sensor","2026-02-18T08:06:15+00:00","living room Info","timestamp",""
"sensor.living_room_wireless","sensor","unknown","living room Wireless","signal_strength","dBm"
"binary_sensor.great_room_ringcsm_motion","binary_sensor","off","great room ringcsm Motion","motion",""
"switch.great_room_ringcsm_live_stream","switch","off","great room ringcsm Live Stream","",""
"switch.great_room_ringcsm_event_stream","switch","off","great room ringcsm Event Stream","",""
"select.great_room_ringcsm_event_select","select","Motion 1","great room ringcsm Event Select","",""
"switch.great_room_ringcsm_siren","switch","off","great room ringcsm Siren","",""
"camera.great_room_ringcsm_snapshot","camera","idle","great room ringcsm Snapshot","",""
"select.great_room_ringcsm_snapshot_mode","select","Auto","great room ringcsm Snapshot Mode","",""
"number.great_room_ringcsm_snapshot_interval","number","30","great room ringcsm Snapshot Interval","",""
"button.great_room_ringcsm_take_snapshot","button","unknown","great room ringcsm Take Snapshot","",""
"switch.great_room_ringcsm_motion_detection","switch","on","great room ringcsm Motion Detection","",""
"number.great_room_ringcsm_motion_duration","number","180","great room ringcsm Motion Duration","",""
"sensor.great_room_ringcsm_info","sensor","2026-02-18T08:06:15+00:00","great room ringcsm Info","timestamp",""
"sensor.great_room_ringcsm_wireless","sensor","unknown","great room ringcsm Wireless","signal_strength","dBm"
"sensor.great_room_ringcsm_battery","sensor","unavailable","Battery","battery","%"
"binary_sensor.front_door_motion_4","binary_sensor","off","Front Door Motion","motion",""
"switch.front_door_live_stream_2","switch","off","Front Door Live Stream","",""
"switch.front_door_event_stream_2","switch","off","Front Door Event Stream","",""
"select.front_door_event_select_2","select","Motion 1","Front Door Event Select","",""
"binary_sensor.front_door_ding_2","binary_sensor","off","Front Door Ding","occupancy",""
"camera.front_door_snapshot_2","camera","idle","Front Door Snapshot","",""
"select.front_door_snapshot_mode_2","select","Auto","Front Door Snapshot Mode","",""
"number.front_door_snapshot_interval_2","number","600","Front Door Snapshot Interval","",""
"button.front_door_take_snapshot_2","button","unknown","Front Door Take Snapshot","",""
"switch.front_door_motion_detection_4","switch","on","Front Door Motion Detection","",""
"number.front_door_motion_duration_2","number","180","Front Door Motion Duration","",""
"number.front_door_ding_duration_2","number","180","Front Door Ding Duration","",""
"sensor.front_door_info_2","sensor","2026-02-18T07:13:42+00:00","Front Door Info","timestamp",""
"sensor.front_door_wireless_2","sensor","-52","Front Door Wireless","signal_strength","dBm"
"sensor.front_door_battery_4","sensor","100","Front Door Battery","battery","%"
"sensor.show8_browser_mod_browser_id","sensor","unavailable","Browser ID","",""
"sensor.show8_browser_mod_browser_path","sensor","unavailable","Browser path","",""
"sensor.show8_browser_mod_browser_visibility","sensor","unavailable","Browser visibility","",""
"sensor.show8_browser_mod_browser_useragent","sensor","unavailable","Browser userAgent","",""
"sensor.show8_browser_mod_browser_user","sensor","unavailable","Browser user","",""
"binary_sensor.show8_browser_mod_browser_fullykiosk","binary_sensor","unavailable","Browser FullyKiosk","",""
"sensor.show8_browser_mod_browser_width","sensor","unavailable","Browser width","","px"
"sensor.show8_browser_mod_browser_height","sensor","unavailable","Browser height","","px"
"binary_sensor.show8_browser_mod_browser_dark_mode","binary_sensor","unavailable","Browser dark mode","",""
"binary_sensor.show8_browser_mod","binary_sensor","unavailable","","motion",""
"light.show8_browser_mod_screen","light","unavailable","Screen","",""
"media_player.show8_browser_mod","media_player","unavailable","","",""
"sensor.show8_browser_mod_panel","sensor","unavailable","Panel","",""
"camera.show8_browser_mod","camera","unavailable","","",""
"assist_satellite.jeffery_satellite_assist_satellite","assist_satellite","unavailable","Assist satellite","",""
"light.master_bedroom","light","unavailable","Master Bedroom Light","",""
"fan.master_bedroom","fan","unavailable","Master Bedroom Fan","",""
"switch.master_bedroom_sound","switch","unavailable","Beep","",""
"script.pan_cam_left","script","unavailable","Pan Cam Left","",""
"script.pan_cam_right","script","unavailable","Pan Cam Right","",""
"script.pan_cam_up","script","unavailable","Pan Cam Up","",""
"script.pan_cam_down","script","unavailable","Pan Cam Down","",""
"sensor.11inchtabletbrowsermod_browser_id","sensor","unavailable","Browser ID","",""
"sensor.11inchtabletbrowsermod_browser_path","sensor","unavailable","Browser path","",""
"sensor.11inchtabletbrowsermod_browser_visibility","sensor","unavailable","Browser visibility","",""
"sensor.11inchtabletbrowsermod_browser_useragent","sensor","unavailable","Browser userAgent","",""
"sensor.11inchtabletbrowsermod_browser_user","sensor","unavailable","Browser user","",""
"binary_sensor.11inchtabletbrowsermod_browser_fullykiosk","binary_sensor","unavailable","Browser FullyKiosk","",""
"sensor.11inchtabletbrowsermod_browser_width","sensor","unavailable","Browser width","","px"
"sensor.11inchtabletbrowsermod_browser_height","sensor","unavailable","Browser height","","px"
"binary_sensor.11inchtabletbrowsermod_browser_dark_mode","binary_sensor","unavailable","Browser dark mode","",""
"binary_sensor.11inchtabletbrowsermod","binary_sensor","unavailable","","motion",""
"light.11inchtabletbrowsermod_screen","light","unavailable","Screen","",""
"media_player.11inchtabletbrowsermod","media_player","unavailable","","",""
"sensor.11inchtabletbrowsermod_panel","sensor","unavailable","Panel","",""
"camera.11inchtabletbrowsermod","camera","unavailable","","",""
"sensor.11inchtabletbrowsermod_browser_battery","sensor","unavailable","Browser battery","battery","%"
"binary_sensor.11inchtabletbrowsermod_browser_charging","binary_sensor","unavailable","Browser charging","",""
"script.paul_calendar_toggle","script","unavailable","Skylight: Toggle Paul Calendar","",""
"script.tuella_calendar_toggle","script","unavailable","Skylight: Toggle Tuella Calendar","",""
"script.mauriece_calendar_toggle","script","unavailable","Skylight: Toggle Mauriece Calendar","",""
"script.family_calendar_toggle","script","unavailable","Skylight: Toggle Family Calendar","",""
"script.skylight_add_calendar_event","script","unavailable","Skylight: Add Calendar Event","",""
"input_text.paul_calendar_filter","input_text","unavailable","Paul Calendar Filter","",""
"input_text.tuella_calendar_filter","input_text","unavailable","Tuella Calendar Filter","",""
"input_text.mauriece_calendar_filter","input_text","unavailable","Mauriece Calendar Filter","",""
"input_text.family_calendar_filter","input_text","unavailable","Family Calendar Filter","",""
"input_datetime.skylight_event_start","input_datetime","unavailable","Skylight Event Start","",""
"input_datetime.skylight_event_end","input_datetime","unavailable","Skylight Event End","",""
"input_datetime.skylight_day_event_start","input_datetime","unavailable","Skylight Day Event Start","",""
"input_datetime.skylight_day_event_end","input_datetime","unavailable","Skylight Day Event End","",""
"input_select.skylight_calendar_view","input_select","unavailable","Skylight Calendar View","",""
"input_select.skylight_calendar_select","input_select","unavailable","Skylight Calendar Select","",""
"input_text.skylight_event_title","input_text","unavailable","Skylight Event Title","",""
"input_text.skylight_event_description","input_text","unavailable","Skylight Event Description","",""
"input_boolean.skylight_all_day_event","input_boolean","unavailable","Skylight All Day Event","",""
"button.living_room_tv_favorite_current_song","button","unavailable","Living Room TV Favorite current song","",""
"media_player.living_room_tv_4","media_player","unavailable","Living Room TV","speaker",""
"button.vlc_telnet_favorite_current_song","button","unknown","VLC-TELNET Favorite current song","",""
"media_player.vlc_telnet_2","media_player","idle","VLC-TELNET","speaker",""
"button.great_room_tv_favorite_current_song_2","button","unknown","Great Room TV Favorite current song","",""
"media_player.great_room_tv_2","media_player","idle","Great Room TV","speaker",""
"button.jeffery_satellite_media_player_favorite_current_song","button","unavailable","Jeffery Satellite Media Player Favorite current song","",""
"media_player.jeffery_satellite_media_player_2","media_player","unavailable","Jeffery Satellite Media Player","speaker",""
"button.great_room_tv_favorite_current_song","button","unknown","Great Room TV Favorite current song","",""
"media_player.great_room_tv","media_player","off","Great Room TV","speaker",""
"button.hp_favorite_current_song","button","unavailable","Favorite current song","",""
"media_player.hp_2","media_player","unavailable","","speaker",""
"button.jeffery_satellite_media_player_favorite_current_song_2","button","unavailable","Jeffery Satellite Media Player Favorite current song","",""
"media_player.jeffery_satellite_media_player_3","media_player","unavailable","Jeffery Satellite Media Player","speaker",""
"button.hp_favorite_current_song_2","button","unavailable","Favorite current song","",""
"media_player.hp_3","media_player","unavailable","","speaker",""
"sensor.kitchenvaca_browser_id","sensor","unavailable","Kitchenvaca Browser ID","",""
"sensor.kitchenvaca_browser_path","sensor","unavailable","Kitchenvaca Browser path","",""
"sensor.kitchenvaca_browser_visibility","sensor","unavailable","Kitchenvaca Browser visibility","",""
"sensor.kitchenvaca_browser_useragent","sensor","unavailable","Kitchenvaca Browser userAgent","",""
"sensor.kitchenvaca_browser_user","sensor","unavailable","Kitchenvaca Browser user","",""
"binary_sensor.kitchenvaca_browser_fullykiosk","binary_sensor","unavailable","Kitchenvaca Browser FullyKiosk","",""
"sensor.kitchenvaca_browser_width","sensor","unavailable","Kitchenvaca Browser width","","px"
"sensor.kitchenvaca_browser_height","sensor","unavailable","Kitchenvaca Browser height","","px"
"binary_sensor.kitchenvaca_browser_dark_mode","binary_sensor","unavailable","Kitchenvaca Browser dark mode","",""
"binary_sensor.kitchenvaca","binary_sensor","unavailable","Kitchenvaca","motion",""
"light.kitchenvaca_screen","light","unavailable","Kitchenvaca Screen","",""
"media_player.kitchenvaca","media_player","unavailable","Kitchenvaca","",""
"sensor.kitchenvaca_panel","sensor","unavailable","Kitchenvaca Panel","",""
"camera.kitchenvaca","camera","unavailable","Kitchenvaca","",""
"button.kitchen_vaca_media_player_favorite_current_song","button","unknown","Kitchen_VACA Media Player Favorite current song","",""
"media_player.kitchen_vaca_media_player","media_player","idle","Kitchen_VACA Media Player","speaker",""
"button.great_room_tv_favorite_current_song_3","button","unknown","Great Room TV Favorite current song","",""
"media_player.great_room_tv_3","media_player","idle","Great Room TV","speaker",""
"button.great_room_tv_favorite_current_song_4","button","unknown","Great Room TV Favorite current song","",""
"media_player.great_room_tv_4","media_player","off","Great Room TV","speaker",""
"assist_satellite.vaca_69fad94ca","assist_satellite","unavailable","","",""
"binary_sensor.vaca_69fad94ca_screen","binary_sensor","unavailable","Screen","",""
"binary_sensor.vaca_69fad94ca_battery_charging","binary_sensor","unavailable","Battery charging","battery_charging",""
"binary_sensor.vaca_69fad94ca_motion","binary_sensor","unavailable","Motion","motion",""
"button.vaca_69fad94ca_wake","button","unavailable","Wake","",""
"button.vaca_69fad94ca_refresh","button","unavailable","Refresh","",""
"button.vaca_69fad94ca_sleep_screen","button","unavailable","Sleep screen","",""
"button.vaca_69fad94ca_wake_screen","button","unavailable","Wake screen","",""
"select.vaca_69fad94ca_assistant","select","unavailable","Assistant","",""
"select.vaca_69fad94ca_noise_suppression_level","select","unavailable","Noise suppression level","",""
"select.vaca_69fad94ca_finished_speaking_detection","select","unavailable","Finished speaking detection","",""
"select.vaca_69fad94ca_wake_word","select","unavailable","Wake word","",""
"select.vaca_69fad94ca_wake_word_sound","select","unavailable","Wake word sound","",""
"select.vaca_69fad94ca_screen_timeout","select","unavailable","Screen timeout","",""
"switch.vaca_69fad94ca_mute","switch","unavailable","Mute","",""
"switch.vaca_69fad94ca_screen","switch","unavailable","Screen","",""
"switch.vaca_69fad94ca_swipe_to_refresh","switch","unavailable","Swipe to refresh","",""
"switch.vaca_69fad94ca_auto_brightness","switch","unavailable","Auto brightness","",""
"switch.vaca_69fad94ca_screen_always_on","switch","unavailable","Screen always on","",""
"switch.vaca_69fad94ca_dark_mode","switch","unavailable","Dark mode","",""
"switch.vaca_69fad94ca_on_screen_diagnostics","switch","unavailable","On screen diagnostics","",""
"switch.vaca_69fad94ca_continue_conversation","switch","unavailable","Continue conversation","",""
"switch.vaca_69fad94ca_alarm","switch","unavailable","Alarm","",""
"switch.vaca_69fad94ca_screen_on_with_wake_word","switch","unavailable","Screen on with wake word","",""
"switch.vaca_69fad94ca_advanced_gain_control","switch","unavailable","Advanced gain control","",""
"switch.vaca_69fad94ca_voice_enhancer","switch","unavailable","Voice enhancer","",""
"switch.vaca_69fad94ca_screen_saver","switch","unavailable","Screen saver","",""
"switch.vaca_69fad94ca_do_not_disturb","switch","unavailable","Do not disturb","",""
"switch.vaca_69fad94ca_screen_on_with_bump","switch","unavailable","Screen on with bump","",""
"switch.vaca_69fad94ca_screen_on_with_proximity","switch","unavailable","Screen on with proximity","",""
"switch.vaca_69fad94ca_motion_detection","switch","unavailable","Motion detection","",""
"switch.vaca_69fad94ca_screen_on_with_motion","switch","unavailable","Screen on with motion","",""
"media_player.vaca_69fad94ca_media_player","media_player","unavailable","Media Player","speaker",""
"number.vaca_69fad94ca_mic_gain","number","unavailable","Mic gain","",""
"number.vaca_69fad94ca_voice_volume","number","unavailable","Voice volume","",""
"number.vaca_69fad94ca_music_volume","number","unavailable","Music volume","",""
"number.vaca_69fad94ca_ducking_volume","number","unavailable","Ducking volume","",""
"number.vaca_69fad94ca_screen_brightness","number","unavailable","Screen brightness","",""
"number.vaca_69fad94ca_wake_word_threshold","number","unavailable","Wake word threshold","",""
"number.vaca_69fad94ca_zoom_level","number","unavailable","Zoom level","",""
"number.vaca_69fad94ca_motion_detection_sensitivity","number","unavailable","Motion detection sensitivity","",""
"number.vaca_69fad94ca_bump_sensitivity","number","unavailable","Bump sensitivity","",""
"sensor.vaca_69fad94ca_stt","sensor","unavailable","STT","",""
"sensor.vaca_69fad94ca_tts","sensor","unavailable","TTS","",""
"sensor.vaca_69fad94ca_intent","sensor","unavailable","Intent","",""
"sensor.vaca_69fad94ca_orientation","sensor","unavailable","Orientation","",""
"sensor.vaca_69fad94ca_current_path","sensor","unavailable","Current path","",""
"sensor.vaca_69fad94ca_app_version","sensor","unavailable","App version","",""
"sensor.vaca_69fad94ca_battery","sensor","unavailable","Battery","battery","%"
"sensor.vaca_69fad94ca_light_level","sensor","unavailable","Light level","illuminance","lx"
"sensor.vaca_69fad94ca_last_motion","sensor","unavailable","Last motion","timestamp",""
"sensor.s205g_browser_id","sensor","unavailable","Browser ID","",""
"sensor.s205g_browser_path","sensor","unavailable","Browser path","",""
"sensor.s205g_browser_visibility","sensor","unavailable","Browser visibility","",""
"sensor.s205g_browser_useragent","sensor","unavailable","Browser userAgent","",""
"sensor.s205g_browser_user","sensor","unavailable","Browser user","",""
"binary_sensor.s205g_browser_fullykiosk","binary_sensor","unavailable","Browser FullyKiosk","",""
"sensor.s205g_browser_width","sensor","unavailable","Browser width","","px"
"sensor.s205g_browser_height","sensor","unavailable","Browser height","","px"
"binary_sensor.s205g_browser_dark_mode","binary_sensor","unavailable","Browser dark mode","",""
"binary_sensor.s205g","binary_sensor","unavailable","","motion",""
"light.s205g_screen","light","unavailable","Screen","",""
"media_player.s205g","media_player","unavailable","","",""
"sensor.s205g_panel","sensor","unavailable","Panel","",""
"camera.s205g","camera","unavailable","","",""
"button.s205g_favorite_current_song","button","unavailable","Favorite current song","",""
"media_player.s205g_2","media_player","unavailable","","speaker",""
